,sum_sq,df,F,PR(>F)
"Q(""Water Li mg/L"")",0.14187823517207906,1.0,0.7757521968272393,0.3957413468556238
"Q(""Water Ca mg/L"")",0.06331483134850391,1.0,0.34618854294865076,0.5671881639757619
"Q(""Water Ni mg/L"")",0.11107032126119064,1.0,0.6073027735097759,0.45090108410457597
"Q(""Water Cu mg/L"")",0.05048203467578283,1.0,0.276022247193516,0.6088913012536252
"Q(""Water Zn mg/L"")",0.09393556979251266,1.0,0.5136145409363025,0.4872929654255085
"Q(""Water As mg/L"")",0.4784971662242404,1.0,2.6162943697731627,0.1317385749969106
"Q(""Water Pb mg/L"")",0.3566860234697697,1.0,1.9502636605864634,0.18785298022839628
"Q(""Water U mg/L"")",0.0008481517734931927,1.0,0.004637466773760276,0.9468284192124974
Residual,2.19469416783889,12.0,,
