,sum_sq,df,F,PR(>F)
"Q(""NU Total phosphorus mg/L"")",0.21975367242092045,1.0,1.5213588918956682,0.22587335945782883
"Q(""NU Total nitrogen mg/L"")",0.5519782295506606,1.0,3.821355877280808,0.05886533536933413
"Q(""NF Total phosphorus mg/L"")",0.831465346822313,1.0,5.756250554340307,0.022057785320050566
"Q(""NF Total nitrogen mg/L"")",0.4261445132668438,1.0,2.9502066443252066,0.09496335059514739
"Q(""NFB Total phosphorus mg/L"")",0.016551194157298128,1.0,0.11458423481754738,0.7370657843645784
"Q(""NFB Total nitrogen mg/L"")",0.05551151397180657,1.0,0.38430727665763764,0.5394398795675346
Residual,4.911152064192677,34.0,,
