,sum_sq,df,F,PR(>F)
"Q(""NU Total phosphorus mg/L"")",0.2197536724209207,1.0,1.521358891895671,0.2258733594578277
"Q(""NU Total nitrogen mg/L"")",0.5519782295506581,1.0,3.821355877280794,0.058865335369334554
"Q(""NF Total phosphorus mg/L"")",0.8314653468223131,1.0,5.756250554340312,0.022057785320050486
"Q(""NF Total nitrogen mg/L"")",0.42614451326684344,1.0,2.9502066443252057,0.09496335059514739
"Q(""NFB Total phosphorus mg/L"")",0.016551194157298086,1.0,0.11458423481754719,0.7370657843645784
"Q(""NFB Total nitrogen mg/L"")",0.055511513971806536,1.0,0.3843072766576377,0.5394398795675346
Residual,4.911152064192674,34.0,,
